﻿{"cameraMode":{"drawMode":0,"name":"Shaded","section":"Shading Mode"},"sceneLighting":false,"audioPlay":false,"sceneViewState":{"m_AlwaysRefresh":false,"showFog":false,"showSkybox":false,"showFlares":false,"showImageEffects":false,"showParticleSystems":false,"showVisualEffectGraphs":true,"m_FxEnabled":true},"in2DMode":false,"pivot":{"x":9.5367431640625e-7,"y":0.9022648334503174,"z":0.02162332832813263},"rotation":{"x":-0.30983787775039675,"y":0.35361188650131228,"z":-0.12543132901191712,"w":-0.8736700415611267},"size":1.339775562286377,"orthographic":false}