﻿{"cameraMode":{"drawMode":0,"name":"Shaded","section":"Shading Mode"},"sceneLighting":false,"audioPlay":false,"sceneViewState":{"m_AlwaysRefresh":false,"showFog":true,"showSkybox":false,"showFlares":true,"showImageEffects":true,"showParticleSystems":true,"showVisualEffectGraphs":true,"m_FxEnabled":true},"in2DMode":false,"pivot":{"x":7.421032428741455,"y":-0.020000098273158075,"z":4.087449073791504},"rotation":{"x":-0.2201346457004547,"y":0.5572057366371155,"z":-0.15621528029441834,"w":-0.7853192687034607},"size":1.6645121574401856,"orthographic":false}