﻿{"cameraMode":{"drawMode":0,"name":"Shaded","section":"Shading Mode"},"sceneLighting":true,"audioPlay":false,"sceneViewState":{"m_AlwaysRefresh":false,"showFog":true,"showSkybox":true,"showFlares":true,"showImageEffects":true,"showParticleSystems":true,"showVisualEffectGraphs":true,"m_FxEnabled":true},"in2DMode":false,"pivot":{"x":4.470235824584961,"y":-0.06072044372558594,"z":4.446473121643066},"rotation":{"x":-0.2512110769748688,"y":0.2649969458580017,"z":-0.07173781096935272,"w":-0.9282186627388},"size":17.259143829345704,"orthographic":false}