﻿{"cameraMode":{"drawMode":0,"name":"Shaded","section":"Shading Mode"},"sceneLighting":false,"audioPlay":false,"sceneViewState":{"m_AlwaysRefresh":false,"showFog":true,"showSkybox":false,"showFlares":true,"showImageEffects":true,"showParticleSystems":true,"showVisualEffectGraphs":true,"m_FxEnabled":true},"in2DMode":false,"pivot":{"x":0.0,"y":1.9199999570846558,"z":-3.510000228881836},"rotation":{"x":-0.2201346457004547,"y":0.5572057366371155,"z":-0.15621528029441834,"w":-0.7853192687034607},"size":282.24395751953127,"orthographic":false}